City_ID,City,Country,Date,Lat,Lng,Max Temp,Humidity,Cloudiness,Wind Speed
0,Taicheng,CN,2021-11-23 21:57:44,38.731,113.228,27.45,35,0,5.41
1,Cape Town,ZA,2021-11-23 21:57:01,-33.9258,18.4232,64.11,63,0,24.16
2,Barrow,US,2021-11-23 21:57:45,71.2906,-156.7887,-6.14,95,100,8.95
3,Arraial Do Cabo,BR,2021-11-23 21:57:45,-22.9661,-42.0278,76.96,83,0,12.66
4,Meulaboh,ID,2021-11-23 21:57:46,4.1363,96.1285,76.42,86,100,5.06
5,Busselton,AU,2021-11-23 21:57:46,-33.65,115.3333,52.05,75,1,7.4
6,Saint-Philippe,RE,2021-11-23 21:57:46,-21.3585,55.7679,73.22,77,64,11.16
7,Chuy,UY,2021-11-23 21:57:47,-33.6971,-53.4616,58.66,64,0,8.93
8,Faya,SA,2021-11-23 21:57:47,18.3851,42.4509,55.92,30,18,5.46
9,Iraucuba,BR,2021-11-23 21:57:47,-3.7461,-39.7833,82.74,63,99,7.16
10,Beringovskiy,RU,2021-11-23 21:57:48,63.05,179.3167,-8.09,89,10,6.35
11,Bredasdorp,ZA,2021-11-23 21:57:48,-34.5322,20.0403,57.27,80,77,2.8
12,Ushuaia,AR,2021-11-23 21:57:49,-54.8,-68.3,46.02,70,90,8.05
13,Hilo,US,2021-11-23 21:57:49,19.7297,-155.09,79.25,82,55,5.99
14,Geraldton,AU,2021-11-23 21:57:50,-28.7667,114.6,54.01,87,0,8.05
15,East London,ZA,2021-11-23 21:57:21,-33.0153,27.9116,61.39,72,72,19.46
16,Kavaratti,IN,2021-11-23 21:57:50,10.5669,72.642,81.19,79,68,12.46
17,Bambous Virieux,MU,2021-11-23 21:57:50,-20.3428,57.7575,73.65,83,40,4.61
18,Provideniya,RU,2021-11-23 21:57:51,64.3833,-173.3,8.71,52,0,4.47
19,Punta Arenas,CL,2021-11-23 21:57:51,-53.15,-70.9167,53.71,50,0,36.82
20,Jamestown,US,2021-11-23 21:57:52,42.097,-79.2353,33.71,88,98,7.0
21,Bud,US,2021-11-23 21:57:52,39.447,-86.1758,41.7,39,5,5.82
22,Holetown,BB,2021-11-23 21:57:52,13.1867,-59.6381,82.96,79,91,13.18
23,Port-Cartier,CA,2021-11-23 21:57:53,50.0334,-66.8654,29.75,65,100,13.0
24,Sao Raimundo Nonato,BR,2021-11-23 21:57:53,-9.0153,-42.6994,81.84,54,61,4.34
25,Hobyo,SO,2021-11-23 21:57:53,5.3505,48.5268,79.9,73,76,4.99
26,Tecoanapa,MX,2021-11-23 21:57:54,16.5167,-98.75,84.88,65,6,8.3
27,Kytmanovo,RU,2021-11-23 21:57:54,53.4593,85.4479,30.65,83,100,20.22
28,Komsomolskiy,UZ,2021-11-23 21:57:55,40.4272,71.7189,39.92,45,100,4.61
29,Bluff,NZ,2021-11-23 21:57:55,-46.6,168.3333,55.65,71,100,13.8
30,Vardo,NO,2021-11-23 21:57:56,70.3705,31.1107,21.18,68,75,13.8
31,Alexandria,EG,2021-11-23 21:54:55,31.2156,29.9553,63.14,94,74,0.0
32,Thompson,CA,2021-11-23 21:56:22,55.7435,-97.8558,-0.24,78,90,13.8
33,Sistranda,NO,2021-11-23 21:57:56,63.7256,8.834,44.91,83,100,19.91
34,Yellowknife,CA,2021-11-23 21:55:02,62.456,-114.3525,-12.59,96,75,1.01
35,Ribeira Grande,PT,2021-11-23 21:57:57,38.5167,-28.7,66.6,88,40,23.02
36,Nur,PL,2021-11-23 21:57:57,52.6683,22.3221,39.78,92,82,7.07
37,Muroto,JP,2021-11-23 21:57:58,33.2833,134.15,39.24,60,21,15.43
38,Fairbanks,US,2021-11-23 21:55:02,64.8378,-147.7164,-3.08,62,1,3.44
39,Rikitea,PF,2021-11-23 21:57:58,-23.1203,-134.9692,76.89,81,30,15.01
40,Dongsheng,CN,2021-11-23 21:57:58,39.8161,109.9776,23.4,44,0,13.38
41,Mahur,IN,2021-11-23 21:57:59,25.1667,93.1167,54.09,82,0,1.59
42,Butaritari,KI,2021-11-23 21:57:59,3.0707,172.7902,82.02,73,100,16.75
43,Vao,NC,2021-11-23 21:59:00,-22.6667,167.4833,74.66,73,100,9.33
44,Dikson,RU,2021-11-23 21:59:00,73.5069,80.5464,1.13,94,100,12.73
45,Piriyapatna,IN,2021-11-23 21:59:00,12.3397,76.0992,65.86,96,49,4.0
46,Gwadar,PK,2021-11-23 21:59:01,25.1216,62.3254,75.7,60,7,9.13
47,Sisimiut,GL,2021-11-23 21:59:01,66.9395,-53.6735,23.45,54,100,25.68
48,Pinega,RU,2021-11-23 21:59:01,64.7001,43.3936,15.33,97,91,5.06
49,Coari,BR,2021-11-23 21:59:02,-4.085,-63.1414,78.6,90,81,3.15
50,Kholm,RU,2021-11-23 21:59:02,59.2667,32.85,23.27,82,78,6.96
51,Saint-Augustin,CA,2021-11-23 21:59:03,51.226,-58.6502,40.77,83,100,23.44
52,Upernavik,GL,2021-11-23 21:59:03,72.7868,-56.1549,0.01,68,6,8.9
53,Coihaique,CL,2021-11-23 21:59:03,-45.5752,-72.0662,67.95,40,75,8.05
54,Clyde River,CA,2021-11-23 21:59:04,70.4692,-68.5914,17.83,86,90,20.71
55,Vaitape,PF,2021-11-23 21:59:04,-16.5167,-151.75,80.74,71,43,4.09
56,Cedar City,US,2021-11-23 21:59:05,37.6775,-113.0619,55.18,26,77,12.75
57,Touros,BR,2021-11-23 21:59:05,-5.1989,-35.4608,79.7,79,55,15.1
58,Georgetown,MY,2021-11-23 21:59:05,5.4112,100.3354,78.73,88,40,0.0
59,Kapaa,US,2021-11-23 21:54:39,22.0752,-159.319,84.18,71,12,4.0
60,Malpe,IN,2021-11-23 21:59:06,13.35,74.7167,78.1,92,21,4.0
61,Saint George,US,2021-11-23 21:59:06,37.1041,-113.5841,70.27,21,79,3.0
62,Solnechnyy,RU,2021-11-23 21:59:07,50.7214,136.6319,4.12,95,92,3.38
63,New Norfolk,AU,2021-11-23 21:59:07,-42.7826,147.0587,66.76,71,100,0.74
64,Castro,BR,2021-11-23 21:59:07,-24.7911,-50.0119,73.18,51,52,4.99
65,Vaini,TO,2021-11-23 21:59:08,-21.2,-175.2,82.56,83,20,4.61
66,Xinxiang,CN,2021-11-23 21:59:08,35.3089,113.8672,40.32,38,0,6.91
67,Khatanga,RU,2021-11-23 21:59:08,71.9667,102.5,0.7,79,97,19.73
68,Buarcos,PT,2021-11-23 21:59:09,40.166,-8.8768,51.57,87,21,2.84
69,Lompoc,US,2021-11-23 21:59:09,34.6391,-120.4579,80.02,53,15,18.01
70,Esperance,AU,2021-11-23 21:59:09,-33.8667,121.9,55.24,69,6,4.94
71,Leningradskiy,RU,2021-11-23 21:59:10,69.3833,178.4167,-13.92,81,68,5.28
72,Porto Novo,BJ,2021-11-23 21:59:10,6.4965,2.6036,84.02,86,95,7.27
73,Vestmannaeyjar,IS,2021-11-23 21:54:53,63.4427,-20.2734,39.67,65,65,24.85
74,Marquette,US,2021-11-23 21:59:11,46.5333,-87.6335,33.67,47,63,16.31
75,Kruisfontein,ZA,2021-11-23 21:59:11,-34.0033,24.7314,54.88,72,75,8.19
76,Cherskiy,RU,2021-11-23 21:59:12,68.75,161.3,-34.06,100,32,4.21
77,Narsaq,GL,2021-11-23 21:59:12,60.9167,-46.05,25.05,63,100,9.86
78,Ilhabela,BR,2021-11-23 21:59:13,-23.7781,-45.3581,73.9,73,26,3.44
79,Kaitangata,NZ,2021-11-23 21:59:13,-46.2817,169.8464,60.21,51,100,4.72
80,Rawson,AR,2021-11-23 21:56:07,-43.3002,-65.1023,78.31,33,89,22.39
81,Albany,US,2021-11-23 21:54:19,42.6001,-73.9662,32.09,56,12,5.99
82,Mataura,NZ,2021-11-23 21:59:14,-46.1927,168.8643,61.83,47,93,4.38
83,Tuktoyaktuk,CA,2021-11-23 21:59:14,69.4541,-133.0374,-4.25,97,100,2.15
84,Chokurdakh,RU,2021-11-23 21:59:14,70.6333,147.9167,-26.43,99,98,5.86
85,San Patricio,US,2021-11-23 21:59:15,28.017,-97.5169,76.53,48,60,10.92
86,Lebu,CL,2021-11-23 21:59:15,-37.6167,-73.65,59.31,79,0,16.91
87,Hithadhoo,MV,2021-11-23 21:59:16,-0.6,73.0833,82.22,75,99,18.7
88,Killarney,IE,2021-11-23 21:59:16,52.05,-9.5167,37.09,83,5,0.67
89,Isabela,PH,2021-11-23 22:00:16,6.7085,121.9711,79.07,83,83,1.54
90,Bethel,US,2021-11-23 22:00:17,41.3712,-73.414,38.55,44,14,3.0
91,Avarua,CK,2021-11-23 22:00:17,-21.2078,-159.775,80.65,61,20,17.27
92,Bengkulu,ID,2021-11-23 22:00:17,-3.8004,102.2655,74.95,85,99,3.02
93,Honiara,SB,2021-11-23 22:00:18,-9.4333,159.95,84.63,71,90,5.84
94,Hermanus,ZA,2021-11-23 22:00:18,-34.4187,19.2345,62.91,79,93,9.1
95,Oranjemund,NA,2021-11-23 22:00:19,-28.55,16.4333,60.89,88,78,14.83
96,Tasiilaq,GL,2021-11-23 22:00:19,65.6145,-37.6368,21.36,59,36,5.95
97,Victoria,HK,2021-11-23 21:58:39,22.2855,114.1577,65.25,67,45,4.0
98,Torbay,CA,2021-11-23 22:00:06,47.6666,-52.7314,42.58,94,90,31.07
99,Varadero,CU,2021-11-23 22:00:20,23.1536,-81.2514,71.38,66,79,18.37
100,Ossora,RU,2021-11-23 22:00:20,59.2353,163.0719,29.82,89,100,11.16
101,Nouadhibou,MR,2021-11-23 22:00:21,20.931,-17.0347,71.53,73,100,15.79
102,Isangel,VU,2021-11-23 22:00:21,-19.55,169.2667,80.06,76,100,10.31
103,Qaanaaq,GL,2021-11-23 22:00:22,77.484,-69.3632,-6.11,67,83,9.55
104,Morondava,MG,2021-11-23 22:00:22,-20.2833,44.2833,78.49,83,98,1.43
105,Monticello,US,2021-11-23 21:59:25,45.3055,-93.7941,56.16,30,1,18.41
106,Roald,NO,2021-11-23 22:00:23,62.5833,6.1333,48.34,93,75,24.16
107,San Cristobal,VE,2021-11-23 22:00:23,7.7669,-72.225,71.64,86,64,2.77
108,Ponta Delgada,PT,2021-11-23 22:00:24,37.7333,-25.6667,66.51,88,40,12.66
109,Constitucion,CL,2021-11-23 22:00:24,-35.3333,-72.4167,60.91,79,3,9.6
110,San Rafael,AR,2021-11-23 22:00:24,-34.6177,-68.3301,90.72,26,4,11.9
111,Santa Rosa,PH,2021-11-23 21:55:56,14.3122,121.1114,80.11,83,69,10.18
112,Severo-Kurilsk,RU,2021-11-23 22:00:25,50.6789,156.125,37.49,98,100,30.6
113,Qaqortoq,GL,2021-11-23 22:00:25,60.7167,-46.0333,25.3,59,100,10.87
114,Kodiak,US,2021-11-23 22:00:26,57.79,-152.4072,16.52,75,100,8.9
115,Ilulissat,GL,2021-11-23 22:00:26,69.2167,-51.1,19.42,42,100,14.97
116,Adrar,MR,2021-11-23 22:00:26,20.5022,-10.0711,77.77,34,52,8.21
117,Sehwan,PK,2021-11-23 22:00:27,26.4279,67.863,72.61,13,0,4.03
118,Almeirim,BR,2021-11-23 22:00:27,-1.5233,-52.5817,83.05,56,31,2.64
119,Sao Filipe,CV,2021-11-23 22:00:28,14.8961,-24.4956,79.57,71,98,3.74
120,Ostrovnoy,RU,2021-11-23 22:00:28,68.0531,39.5131,21.99,92,100,5.17
121,Nikolskoye,RU,2021-11-23 22:00:29,59.7035,30.7861,29.39,83,86,7.49
122,Coahuayana,MX,2021-11-23 22:00:29,18.7333,-103.6833,85.46,62,5,5.91
123,Tupik,RU,2021-11-23 22:00:29,54.4253,119.9327,-4.65,89,99,2.91
124,Mar Del Plata,AR,2021-11-23 21:59:40,-38.0023,-57.5575,71.62,37,0,18.41
125,Verkhnyaya Inta,RU,2021-11-23 22:00:30,65.9811,60.3094,10.2,95,100,15.95
126,Mumbwa,ZM,2021-11-23 22:00:31,-14.9783,27.0619,69.62,78,86,2.95
127,Mount Pleasant,US,2021-11-23 21:59:21,32.7941,-79.8626,50.14,38,1,5.01
128,Norrtalje,SE,2021-11-23 22:00:31,59.758,18.705,40.84,85,100,11.59
129,Bousso,TD,2021-11-23 22:00:32,10.4795,16.7117,78.87,21,2,5.39
130,Los Llanos De Aridane,ES,2021-11-23 22:00:32,28.6585,-17.9182,64.15,82,0,6.91
131,Lithakia,GR,2021-11-23 22:00:32,37.7167,20.8333,58.59,74,49,4.74
132,Port Lincoln,AU,2021-11-23 22:00:05,-34.7333,135.8667,64.83,79,38,7.7
133,Mahanoro,MG,2021-11-23 22:00:33,-19.9,48.8,73.18,81,18,8.68
134,Pevek,RU,2021-11-23 22:01:33,69.7008,170.3133,-21.1,99,47,2.91
135,Swanzey,US,2021-11-23 22:01:34,42.8698,-72.2818,32.77,58,64,5.99
136,Novichikha,RU,2021-11-23 22:01:34,52.204,81.3877,25.97,89,88,15.17
137,Codrington,AU,2021-11-23 22:01:34,-38.2667,141.9667,62.38,85,85,5.48
138,Lakes Entrance,AU,2021-11-23 22:01:35,-37.8811,147.981,67.57,92,100,5.3
139,Acari,PE,2021-11-23 22:01:35,-15.4311,-74.6158,73.35,66,98,5.82
140,Korla,CN,2021-11-23 22:01:36,41.7597,86.1469,27.01,60,7,2.46
141,Maumere,ID,2021-11-23 22:01:36,-8.6199,122.2111,80.17,82,92,5.21
142,Gogrial,SS,2021-11-23 22:01:36,8.5332,28.1004,76.06,29,20,5.79
143,Shiyan,CN,2021-11-23 22:01:37,32.6475,110.7781,43.56,68,72,5.79
144,The Valley,AI,2021-11-23 22:01:37,18.217,-63.0578,80.82,71,93,7.76
145,Moranbah,AU,2021-11-23 22:01:37,-22.0016,148.0466,77.83,68,100,7.47
146,Moose Factory,CA,2021-11-23 22:01:38,51.2585,-80.6094,22.08,85,81,8.3
147,Hobart,AU,2021-11-23 22:00:38,-42.8794,147.3294,67.12,79,0,6.91
148,Rorvik,NO,2021-11-23 22:01:38,64.8621,11.2373,41.11,87,75,11.5
149,Klyuchi,RU,2021-11-23 22:01:39,52.2667,79.1667,25.57,87,53,13.6
150,Erzin,TR,2021-11-23 22:01:39,36.9559,36.2,55.92,68,100,1.77
151,Lavrentiya,RU,2021-11-23 22:01:40,65.5833,-171.0,0.68,88,9,8.97
152,Port Alfred,ZA,2021-11-23 22:01:40,-33.5906,26.891,62.53,66,91,17.38
153,Nanortalik,GL,2021-11-23 22:01:40,60.1432,-45.2371,33.46,74,100,10.54
154,Quatre Cocos,MU,2021-11-23 22:01:41,-20.2078,57.7625,71.71,76,46,8.79
155,Ancud,CL,2021-11-23 22:01:41,-41.8697,-73.8203,66.42,85,41,8.46
156,Gravdal,NO,2021-11-23 22:01:42,68.1214,13.5031,37.08,66,82,27.02
157,Taoudenni,ML,2021-11-23 22:01:42,22.6783,-3.9836,81.77,30,77,9.08
158,Ust-Nera,RU,2021-11-23 22:01:42,64.5667,143.2,-18.81,96,97,3.09
159,Maniitsoq,GL,2021-11-23 22:01:43,65.4167,-52.9,28.9,93,100,30.36
160,Kabare,CD,2021-11-23 21:59:11,-2.4683,28.8242,60.26,90,29,0.6
161,Marsaxlokk,MT,2021-11-23 22:01:43,35.8419,14.5431,57.81,88,0,3.44
162,Mount Isa,AU,2021-11-23 22:00:46,-20.7333,139.5,82.17,32,40,6.91
163,Hammerfest,NO,2021-11-23 22:01:44,70.6634,23.6821,18.05,93,20,3.44
164,Mocuba,MZ,2021-11-23 22:01:44,-16.8392,36.9856,76.21,81,28,3.09
165,Black River,JM,2021-11-23 22:01:45,18.0264,-77.8487,82.98,66,73,0.87
166,Gold Coast,AU,2021-11-23 21:59:57,-28.0,153.4333,73.24,96,100,4.0
167,Akropong,GH,2021-11-23 22:01:45,5.9746,-0.0854,75.0,79,91,4.92
168,Normandin,CA,2021-11-23 22:01:45,48.8333,-72.5321,24.57,82,96,7.83
169,Padang,ID,2021-11-23 22:01:46,-0.9492,100.3543,76.41,73,100,3.96
170,Hay River,CA,2021-11-23 22:01:46,60.8156,-115.7999,1.51,90,100,5.03
171,Hasaki,JP,2021-11-23 22:01:47,35.7333,140.8333,45.0,58,0,17.72
172,Am Timan,TD,2021-11-23 22:01:47,11.0297,20.2827,76.84,22,6,5.95
173,Kinablangan,PH,2021-11-23 22:01:47,7.6947,126.5503,77.52,91,100,8.01
174,Bealanana,MG,2021-11-23 22:01:48,-14.55,48.7333,63.84,96,61,1.16
175,Palmer,US,2021-11-23 22:01:48,42.1584,-72.3287,35.47,45,20,4.0
176,Xining,CN,2021-11-23 22:01:49,36.6167,101.7667,27.09,30,0,2.48
177,Ojinaga,MX,2021-11-23 22:01:49,29.5667,-104.4167,78.57,33,1,0.0
178,Ndele,CF,2021-11-23 22:01:49,8.4109,20.6473,73.96,31,4,4.74
179,Pokrovsk,UA,2021-11-23 22:02:50,48.282,37.1758,28.62,74,57,6.98
180,Mendi,PG,2021-11-23 22:02:50,-6.1761,143.6513,59.99,92,99,0.36
181,San Ramon De La Nueva Oran,AR,2021-11-23 21:59:29,-23.1322,-64.326,72.34,98,100,2.68
182,Namibe,AO,2021-11-23 22:02:51,-15.1961,12.1522,70.18,72,8,5.39
183,Faanui,PF,2021-11-23 22:02:51,-16.4833,-151.75,80.74,71,42,4.29
184,Xingtai,CN,2021-11-23 22:02:52,37.0631,114.4942,38.84,31,0,3.71
185,Ambilobe,MG,2021-11-23 22:02:52,-13.2,49.05,74.57,84,27,1.72
186,Santona,ES,2021-11-23 22:02:52,43.4439,-3.4576,53.35,87,100,3.8
187,Yinchuan,CN,2021-11-23 22:00:10,38.4681,106.2731,32.31,30,0,5.75
188,Sembe,CG,2021-11-23 22:02:53,1.6481,14.5806,73.96,80,90,1.39
189,Jalu,LY,2021-11-23 22:02:53,29.0331,21.5482,66.09,33,34,7.76
190,Champerico,GT,2021-11-23 22:02:54,14.3,-91.9167,90.14,69,45,5.01
191,Zhigansk,RU,2021-11-23 22:02:54,66.7697,123.3711,-38.15,100,61,2.84
192,Mahebourg,MU,2021-11-23 22:02:54,-20.4081,57.7,71.89,88,40,4.61
193,Sarangani,PH,2021-11-23 22:02:55,5.4033,125.4636,82.56,75,85,4.23
194,Mecca,SA,2021-11-23 22:02:55,21.4267,39.8261,73.35,50,0,3.4
195,Saskylakh,RU,2021-11-23 22:02:56,71.9167,114.0833,-23.01,94,13,11.32
196,Sitka,US,2021-11-23 22:02:56,57.0531,-135.33,35.49,87,90,9.22
197,Antsohihy,MG,2021-11-23 22:02:57,-14.8796,47.9875,76.69,85,19,2.93
198,Sabana De Torres,CO,2021-11-23 22:02:57,7.3915,-73.4957,77.74,91,68,2.33
199,Zambezi,ZM,2021-11-23 22:02:57,-13.5432,23.1047,65.44,86,80,5.26
200,Tres Lagoas,BR,2021-11-23 22:02:58,-20.7511,-51.6783,85.24,31,4,7.63
201,Airai,TL,2021-11-23 22:02:58,-8.9266,125.4092,62.78,80,100,1.39
202,Hovd,MN,2021-11-23 22:02:58,48.0056,91.6419,25.45,54,76,8.05
203,Biak,ID,2021-11-23 22:02:59,-0.9131,122.8766,77.13,81,85,2.33
204,Puerto Ayora,EC,2021-11-23 22:02:59,-0.7393,-90.3518,70.47,76,28,11.65
205,Wajima,JP,2021-11-23 22:03:00,37.4,136.9,47.5,69,100,36.46
206,Jieshi,CN,2021-11-23 22:03:00,22.8134,115.8257,58.95,55,18,9.13
207,Ponta Do Sol,PT,2021-11-23 22:03:00,32.6667,-17.1,68.63,77,100,6.17
208,Kargasok,RU,2021-11-23 22:03:01,59.0556,80.8572,19.4,92,96,9.89
209,Longyearbyen,SJ,2021-11-23 22:03:01,78.2186,15.6401,4.84,72,20,11.5
210,Dapitan,PH,2021-11-23 22:03:02,8.6464,123.4208,80.6,84,99,14.41
211,Rockport,US,2021-11-23 22:03:02,28.0206,-97.0544,74.03,61,1,4.0
212,Grand Baie,MU,2021-11-23 22:03:02,-20.0182,57.5802,72.07,84,62,12.12
213,Zeya,RU,2021-11-23 22:03:03,53.75,127.2667,17.82,53,100,7.54
214,Anadyr,RU,2021-11-23 22:03:03,64.75,177.4833,-17.9,75,20,11.01
215,Kondinskoye,RU,2021-11-23 22:03:04,59.6481,67.41,7.83,96,90,7.9
216,Nizhnevartovsk,RU,2021-11-23 22:03:04,60.9344,76.5531,8.62,92,90,6.71
217,Boulder,US,2021-11-23 22:00:38,40.0833,-105.3505,62.28,13,1,3.0
218,Saldanha,ZA,2021-11-23 22:03:04,-33.0117,17.9442,62.13,79,100,24.94
219,Coruripe,BR,2021-11-23 22:03:05,-10.1256,-36.1756,79.5,80,66,16.96
220,Antigonish,CA,2021-11-23 22:03:05,45.6169,-61.9986,45.12,95,100,4.0
221,Price,US,2021-11-23 22:03:06,39.5994,-110.8107,44.11,33,1,4.61
222,Kysyl-Syr,RU,2021-11-23 22:03:06,63.8986,122.7617,-27.72,99,14,4.03
223,Kharan,PK,2021-11-23 22:03:06,28.5833,65.4167,61.99,25,2,4.85
224,Norman Wells,CA,2021-11-23 22:03:07,65.282,-126.8329,-11.51,96,100,3.36
225,Kahului,US,2021-11-23 22:03:05,20.8947,-156.47,87.82,56,20,20.71
226,Gizo,SB,2021-11-23 22:04:07,-8.103,156.8419,83.95,72,55,7.18
227,Glamoc,BA,2021-11-23 22:04:08,44.0458,16.8486,34.59,95,99,6.29
228,Mednogorskiy,RU,2021-11-23 22:04:08,43.9178,41.1825,40.15,82,78,2.51
229,Todos Santos,MX,2021-11-23 22:03:30,23.45,-110.2167,84.11,73,35,9.04
230,Nyurba,RU,2021-11-23 22:04:09,63.2842,118.3319,-24.66,99,5,2.95
231,Flinders,AU,2021-11-23 22:04:09,-34.5833,150.8552,71.06,83,100,3.0
232,Port Blair,IN,2021-11-23 22:04:09,11.6667,92.75,81.41,83,100,9.8
233,Benguela,AO,2021-11-23 22:04:10,-12.5763,13.4055,77.77,81,92,5.59
234,Heihe,CN,2021-11-23 22:04:10,50.2441,127.4902,18.18,89,100,23.47
235,Buri,BR,2021-11-23 21:59:59,-23.7975,-48.5928,77.18,43,8,4.7
236,Freeport,US,2021-11-23 22:04:11,40.6576,-73.5832,40.51,41,75,7.0
237,Uspenka,UA,2021-11-23 22:04:11,48.3903,39.1619,32.58,75,99,9.91
238,Male,MV,2021-11-23 22:04:12,4.1748,73.5089,80.92,73,100,16.82
239,Doha,QA,2021-11-23 22:00:20,25.2867,51.5333,76.98,73,0,12.66
240,Boyabat,TR,2021-11-23 22:04:12,41.4689,34.7667,50.9,82,100,3.31
241,Inta,RU,2021-11-23 22:04:13,66.0317,60.1659,10.63,94,100,15.5
242,Kieta,PG,2021-11-23 22:04:13,-6.2167,155.6333,82.09,77,97,2.89
243,Vila Do Maio,CV,2021-11-23 22:04:13,15.1333,-23.2167,77.79,79,66,14.83
244,Carnarvon,AU,2021-11-23 21:59:50,-24.8667,113.6333,66.27,72,0,9.22
245,Tiksi,RU,2021-11-23 22:04:14,71.6872,128.8694,-20.11,97,59,7.11
246,Cidreira,BR,2021-11-23 22:04:14,-30.1811,-50.2056,67.14,65,1,10.94
247,Chihuahua,MX,2021-11-23 22:04:15,28.5,-106.0,76.03,25,100,9.06
248,Hualmay,PE,2021-11-23 22:04:15,-11.0964,-77.6139,67.32,80,100,9.64
249,Kubachi,RU,2021-11-23 22:04:15,42.086,47.6034,36.99,43,71,8.05
250,Tahoua,NE,2021-11-23 22:04:16,14.8888,5.2692,81.34,16,1,8.25
251,Alghero,IT,2021-11-23 22:04:16,40.5589,8.3181,55.49,88,0,6.91
252,Vila Velha,BR,2021-11-23 22:02:06,-20.3297,-40.2925,74.95,85,22,4.0
253,Naze,JP,2021-11-23 22:04:17,28.3667,129.4833,59.92,68,89,11.07
254,Sal Rei,CV,2021-11-23 22:04:17,16.1833,-22.9167,77.56,80,30,17.02
255,Pangai,TO,2021-11-23 22:04:17,-19.8,-174.35,82.51,69,75,2.3
256,Newton,US,2021-11-23 22:03:20,42.337,-71.2092,36.55,47,1,5.01
257,Sokoni,TZ,2021-11-23 22:04:18,-6.4333,39.55,80.35,83,56,10.25
258,Waingapu,ID,2021-11-23 22:04:18,-9.6567,120.2641,80.82,79,99,0.4
259,Vilyuysk,RU,2021-11-23 22:04:19,63.7553,121.6247,-25.33,98,6,4.09
260,Aksu,CN,2021-11-23 22:04:19,41.1231,80.2644,28.18,55,8,1.03
261,Mackenzie,CA,2021-11-23 22:00:06,55.2999,-123.1698,26.82,89,99,2.51
262,Atuona,PF,2021-11-23 22:04:19,-9.8,-139.0333,77.81,77,27,15.08
263,Rio Grande,BR,2021-11-23 22:04:20,-32.035,-52.0986,62.8,64,0,11.9
264,Katherine,AU,2021-11-23 22:04:20,-14.4667,132.2667,82.72,69,90,5.75
265,Uruzgan,AF,2021-11-23 22:04:21,32.8333,66.0,43.43,37,3,1.5
266,Baisha,CN,2021-11-23 22:04:21,26.5222,110.9311,45.73,63,95,1.86
267,Voh,NC,2021-11-23 22:04:21,-20.9667,164.7,81.54,67,100,1.45
268,Chor,PK,2021-11-23 22:04:22,25.5167,69.7667,68.72,38,3,7.78
269,Ndola,ZM,2021-11-23 22:04:22,-12.9587,28.6366,63.48,89,74,1.59
270,Broome,US,2021-11-23 22:04:22,42.2506,-75.833,31.69,68,1,3.0
271,Sioux City,US,2021-11-23 22:04:23,42.5,-96.4003,68.79,22,1,18.41
272,Camacha,PT,2021-11-23 22:05:23,33.0833,-16.3333,65.16,77,40,14.97
273,Mazagao,BR,2021-11-23 22:03:52,-0.115,-51.2894,86.05,74,68,5.23
274,Dingle,PH,2021-11-23 22:05:24,10.9995,122.6711,75.76,91,86,7.25
275,Khandyga,RU,2021-11-23 22:05:24,62.6667,135.6,-14.93,98,100,1.1
276,Port Hedland,AU,2021-11-23 22:05:25,-20.3167,118.5667,78.85,78,40,5.75
277,Lagarto,BR,2021-11-23 22:02:19,-10.9172,-37.65,76.73,84,80,10.4
278,Cabo San Lucas,MX,2021-11-23 22:05:08,22.8909,-109.9124,84.61,62,40,8.01
279,Pisco,PE,2021-11-23 22:05:26,-13.7,-76.2167,68.05,77,0,14.97
280,Gurupa,BR,2021-11-23 22:05:26,-1.405,-51.64,81.01,62,21,2.37
281,Lensk,RU,2021-11-23 22:02:01,60.7253,114.9278,-16.1,98,81,3.11
282,Aquiraz,BR,2021-11-23 22:05:27,-3.9014,-38.3911,82.49,81,65,11.61
283,Haines Junction,CA,2021-11-23 22:05:27,60.7522,-137.5108,3.9,92,100,1.25
284,Ambon,ID,2021-11-23 22:05:27,-3.6954,128.1814,82.74,71,88,2.42
285,Charlottesville,US,2021-11-23 22:05:25,38.0293,-78.4767,42.22,34,1,5.01
286,Bandarbeyla,SO,2021-11-23 22:05:28,9.4942,50.8122,80.06,56,97,11.25
287,Las Margaritas,MX,2021-11-23 22:05:28,16.3167,-91.9833,67.6,61,21,7.83
288,Souillac,MU,2021-11-23 22:05:29,-20.5167,57.5167,71.98,88,40,4.61
289,Sabang,ID,2021-11-23 22:05:29,5.8933,95.3214,81.84,76,100,7.36
290,Esil,KZ,2021-11-23 22:05:29,51.9556,66.4042,11.55,95,42,8.84
291,Jacmel,HT,2021-11-23 22:05:30,18.2342,-72.5347,82.24,81,54,1.45
292,Colac,AU,2021-11-23 22:05:30,-38.3333,143.5833,67.08,80,84,5.32
293,Lucapa,AO,2021-11-23 22:05:31,-8.4192,20.7447,68.02,87,58,2.62
294,Aklavik,CA,2021-11-23 22:05:31,68.2191,-135.0107,-15.84,98,100,5.91
295,Nabire,ID,2021-11-23 22:05:31,-3.3667,135.4833,76.12,94,100,1.79
296,Kapoeta,SS,2021-11-23 22:05:32,4.7717,33.5903,82.58,40,100,0.92
297,Victor Harbor,AU,2021-11-23 22:05:32,-35.5667,138.6167,69.73,95,100,8.39
298,San Pedro,PH,2021-11-23 22:05:33,14.35,121.0167,79.36,84,70,9.46
299,Ascension,US,2021-11-23 22:05:33,30.2169,-90.9001,66.11,36,1,5.75
300,Kabanjahe,ID,2021-11-23 22:05:33,3.1001,98.4908,63.36,95,100,0.87
301,Sulangan,PH,2021-11-23 22:05:34,11.1373,123.7228,82.45,79,100,15.86
302,Aswan,EG,2021-11-23 22:05:34,24.0934,32.907,65.98,48,0,8.34
303,Hofn,IS,2021-11-23 22:05:35,64.2539,-15.2082,35.62,62,100,11.1
304,Severnoye,RU,2021-11-23 22:05:35,56.3491,78.3619,19.36,91,100,14.76
305,Clarksburg,US,2021-11-23 22:05:06,39.2807,-80.3445,36.28,49,1,5.75
306,Pauini,BR,2021-11-23 22:05:36,-7.7136,-66.9764,81.82,74,73,2.91
307,Verkhniy Avzyan,RU,2021-11-23 22:05:36,53.5289,57.5372,2.05,100,100,2.3
308,Zunyi,CN,2021-11-23 22:05:36,27.6867,106.9072,43.81,87,78,2.42
309,Cheney,US,2021-11-23 22:04:54,47.4874,-117.5758,36.0,94,90,9.22
310,Karratha,AU,2021-11-23 22:05:37,-20.7377,116.8463,79.72,50,98,5.28
311,Chernelytsya,UA,2021-11-23 22:05:38,48.8121,25.4248,38.48,90,94,11.01
312,Eslov,SE,2021-11-23 22:05:38,55.8393,13.3039,46.26,91,94,14.14
313,Weymouth,US,2021-11-23 22:05:39,42.2209,-70.9398,37.06,47,20,3.0
314,Sambava,MG,2021-11-23 22:05:39,-14.2667,50.1667,76.73,71,94,2.42
315,Barbosa Ferraz,BR,2021-11-23 22:05:40,-24.03,-52.0117,78.87,50,30,3.33
316,Alindao,CF,2021-11-23 22:05:40,5.0267,21.2088,71.19,54,66,0.47
317,Sinop,TR,2021-11-23 22:05:40,41.7711,34.8709,47.86,88,100,3.24
318,Lagoa,PT,2021-11-23 22:04:02,39.05,-27.9833,66.22,84,100,22.35
319,Chhuikhadan,IN,2021-11-23 22:06:41,21.5333,80.9833,67.71,63,3,4.16
320,Parsons,US,2021-11-23 22:01:50,37.3403,-95.2611,67.71,43,0,19.84
321,Kurumkan,RU,2021-11-23 22:06:42,54.3,110.3,7.66,92,100,1.3
322,Valparaiso,CL,2021-11-23 22:05:43,-33.0393,-71.6273,61.72,87,90,5.75
323,Jiuquan,CN,2021-11-23 22:06:42,39.7432,98.5174,25.09,39,0,4.38
324,Kozhva,RU,2021-11-23 22:06:43,65.1073,57.0459,9.7,94,96,9.01
325,Kotelnich,RU,2021-11-23 22:06:43,58.3089,48.348,13.73,90,100,7.45
326,Biharamulo,TZ,2021-11-23 22:05:04,-2.6319,31.3089,60.35,82,39,2.46
327,Blythe,US,2021-11-23 22:06:43,33.6103,-114.5964,77.04,16,1,4.61
328,Kavieng,PG,2021-11-23 22:06:44,-2.5744,150.7967,83.77,75,100,15.82
329,Katsuura,JP,2021-11-23 22:06:44,35.1333,140.3,54.19,60,0,30.15
330,Zyryanka,RU,2021-11-23 22:06:45,65.75,150.85,-21.86,95,100,7.34
331,Sar-E Pul,AF,2021-11-23 22:06:45,35.8333,66.1667,44.89,74,78,4.59
332,Qiryat Shemona,IL,2021-11-23 22:06:45,33.2073,35.5721,64.99,56,79,4.12
333,Batticaloa,LK,2021-11-23 22:06:10,7.7102,81.6924,77.77,86,100,4.34
334,Bayonet Point,US,2021-11-23 22:06:46,28.3267,-82.6834,65.08,44,0,1.01
335,Nicolas Bravo,MX,2021-11-23 22:06:46,18.45,-88.9167,83.28,50,4,2.64
336,Kalmar,SE,2021-11-23 22:06:47,56.6616,16.3616,38.97,97,39,4.61
337,Escanaba,US,2021-11-23 22:06:47,45.7453,-87.0646,38.21,58,1,10.36
338,Micheweni,TZ,2021-11-23 22:05:11,-4.9667,39.8333,79.75,84,92,4.79
339,Uyemskiy,RU,2021-11-23 22:06:48,64.4743,40.8524,24.85,86,90,11.18
340,Goderich,CA,2021-11-23 22:06:48,43.7501,-81.7165,36.91,57,76,9.6
341,Fukue,JP,2021-11-23 22:06:48,32.6881,128.8419,55.54,56,100,18.9
342,Nemuro,JP,2021-11-23 22:06:49,43.3236,145.575,41.29,62,100,13.38
343,Alice Springs,AU,2021-11-23 22:06:49,-23.7,133.8833,65.75,88,40,6.91
344,Bintulu,MY,2021-11-23 22:06:50,3.1667,113.0333,77.49,88,93,2.55
345,Marawi,PH,2021-11-23 22:06:50,7.9986,124.2928,66.65,95,91,1.25
346,Dambulla,LK,2021-11-23 22:06:51,7.86,80.6517,72.97,95,100,2.35
347,Klaksvik,FO,2021-11-23 22:04:29,62.2266,-6.589,43.72,88,100,37.42
348,Nguru,NG,2021-11-23 22:06:51,12.8791,10.4526,79.84,20,3,9.73
349,Olafsvik,IS,2021-11-23 22:06:51,64.8945,-23.7142,33.82,70,71,21.72
350,Carolina,PR,2021-11-23 22:06:52,18.3808,-65.9574,84.09,75,75,5.75
351,Brigantine,US,2021-11-23 22:06:53,39.4101,-74.3646,41.02,50,1,11.5
352,Visby,SE,2021-11-23 22:06:50,57.6409,18.296,41.86,87,40,14.97
353,Salinopolis,BR,2021-11-23 22:03:34,-0.6136,-47.3561,81.39,78,95,10.83
354,Elko,US,2021-11-23 22:06:39,41.0002,-115.5012,46.42,38,26,28.99
355,Conneaut,US,2021-11-23 22:06:53,41.9476,-80.5542,35.11,60,70,9.35
356,Almaznyy,RU,2021-11-23 22:06:54,48.0448,40.045,32.14,96,100,10.45
357,Hohhot,CN,2021-11-23 22:06:54,40.8106,111.6522,21.11,49,0,1.99
358,Amaraji,BR,2021-11-23 22:06:54,-8.3831,-35.4525,79.45,83,15,10.04
359,Berdigestyakh,RU,2021-11-23 22:06:55,62.0989,126.6992,-7.1,93,100,1.77
360,Kasongo-Lunda,CD,2021-11-23 22:06:55,-6.4667,16.8167,69.1,96,100,1.25
361,Dakar,SN,2021-11-23 22:06:56,14.6937,-17.4441,77.88,65,38,4.68
362,Manzhouli,CN,2021-11-23 22:06:56,49.6,117.4333,-2.56,78,1,6.31
363,Exu,BR,2021-11-23 22:06:56,-7.5119,-39.7242,81.86,44,97,1.72
364,Aklera,IN,2021-11-23 22:07:57,24.4167,76.5667,66.33,45,0,3.58
365,Ometepec,MX,2021-11-23 22:07:57,16.6833,-98.4167,85.32,55,4,4.81
366,Dali,CN,2021-11-23 22:07:58,25.7,100.1833,44.38,92,17,1.81
367,Jumla,NP,2021-11-23 22:07:58,29.2747,82.1838,39.58,28,0,4.65
368,Presidencia Roque Saenz Pena,AR,2021-11-23 22:07:58,-26.7852,-60.4388,84.51,59,100,2.35
369,Vila,PT,2021-11-23 22:07:59,42.0304,-8.1588,41.32,80,49,6.73
370,Santa Fe,AR,2021-11-23 22:07:59,-31.6333,-60.7,87.75,21,63,4.0
371,Zaragoza,ES,2021-11-23 22:07:59,41.6561,-0.8773,49.12,88,90,1.01
372,Sevsk,RU,2021-11-23 22:08:00,52.1491,34.4926,23.22,61,40,2.08
373,Ukiah,US,2021-11-23 22:08:00,39.1502,-123.2078,65.57,44,1,5.75
374,Atar,MR,2021-11-23 22:08:01,20.5169,-13.0499,82.87,30,88,9.89
375,Coquimbo,CL,2021-11-23 22:08:01,-29.9533,-71.3436,62.33,72,20,11.5
376,Gobabis,NA,2021-11-23 22:05:00,-22.45,18.9667,69.78,17,0,9.91
377,Mayo,US,2021-11-23 22:08:02,38.8876,-76.5119,42.91,43,1,5.99
378,Iqaluit,CA,2021-11-23 22:08:02,63.7506,-68.5145,25.7,68,100,15.01
379,Inuvik,CA,2021-11-23 22:08:02,68.3499,-133.7218,-17.77,99,100,3.4
380,Wasilla,US,2021-11-23 22:08:03,61.5814,-149.4394,11.44,66,1,9.22
381,Sibu,MY,2021-11-23 22:08:03,2.3,111.8167,73.24,99,99,1.52
382,Puerto Penasco,MX,2021-11-23 22:08:03,31.3167,-113.5333,72.91,58,91,3.0
383,Kaseda,JP,2021-11-23 22:08:04,31.4167,130.3167,44.85,67,99,17.2
384,Manado,ID,2021-11-23 22:05:01,1.487,124.8455,74.17,94,20,1.14
385,Muyezerskiy,RU,2021-11-23 22:08:04,63.9333,31.65,23.77,91,100,10.11
386,Pangody,RU,2021-11-23 22:08:05,65.85,74.4859,8.65,96,99,7.78
387,Antofagasta,CL,2021-11-23 22:06:03,-23.65,-70.4,63.68,70,9,4.68
388,Itarema,BR,2021-11-23 22:08:05,-2.9248,-39.9167,80.8,78,100,15.19
389,Marystown,CA,2021-11-23 22:08:06,47.1666,-55.1483,46.85,100,100,7.0
390,Poum,NC,2021-11-23 22:08:06,-20.2333,164.0167,78.87,76,100,13.98
391,Belgrade,RS,2021-11-23 22:08:07,44.804,20.4651,35.38,94,0,4.61
392,Tabou,CI,2021-11-23 22:08:07,4.423,-7.3528,79.5,84,12,7.92
393,Eydhafushi,MV,2021-11-23 22:08:07,5.1033,73.0708,80.98,72,99,15.59
394,Aykhal,RU,2021-11-23 22:08:08,66.0,111.5,-18.65,98,99,8.72
395,Vila Franca Do Campo,PT,2021-11-23 22:08:08,37.7167,-25.4333,66.2,88,99,14.94
396,Homer,US,2021-11-23 22:08:08,59.6425,-151.5483,19.27,63,90,3.44
397,Lixourion,GR,2021-11-23 22:08:09,38.2019,20.4314,61.23,82,19,2.93
398,Cockburn Town,TC,2021-11-23 22:08:09,21.4612,-71.1419,81.14,75,56,14.34
399,Mwinilunga,ZM,2021-11-23 22:08:09,-11.7358,24.4293,62.19,98,96,1.79
400,Alekseyevsk,RU,2021-11-23 22:08:10,57.8406,108.3492,13.86,98,100,2.08
401,Puerto Leguizamo,CO,2021-11-23 22:08:10,-0.1934,-74.7819,75.85,94,100,1.34
402,Daru,PG,2021-11-23 22:08:11,-9.0763,143.2092,83.21,72,49,6.42
403,Altay,CN,2021-11-23 22:08:11,47.8667,88.1167,29.68,93,100,5.06
404,Kropotkin,RU,2021-11-23 22:08:11,45.4375,40.5756,39.22,94,100,9.66
405,Shawnee,US,2021-11-23 22:08:12,39.05,-95.7669,67.86,36,1,5.01
406,Creston,US,2021-11-23 22:08:12,41.0586,-94.3614,63.25,33,1,14.97
407,Saint-Pierre,RE,2021-11-23 22:08:12,-21.3393,55.4781,73.29,69,0,2.3
408,Pangnirtung,CA,2021-11-23 22:08:13,66.1451,-65.7125,24.82,70,100,25.17
409,Khao Wong,TH,2021-11-23 22:08:13,16.7001,104.0902,62.37,79,30,7.76
410,Yeniseysk,RU,2021-11-23 22:08:14,58.4497,92.1703,31.91,85,100,11.86
411,Lorengau,PG,2021-11-23 22:08:14,-2.0226,147.2712,80.98,82,100,11.45
412,Ngorongoro,TZ,2021-11-23 22:09:14,-3.2397,35.4875,57.43,60,74,2.64
413,Batagay,RU,2021-11-23 22:09:15,67.6333,134.6333,-34.83,99,69,1.36
414,Villa Union,MX,2021-11-23 22:09:15,23.2,-106.2333,85.96,54,20,5.75
415,Athabasca,CA,2021-11-23 22:06:36,54.7169,-113.2854,12.97,79,96,9.04
416,Liling,CN,2021-11-23 22:09:16,27.6667,113.5,44.8,76,99,0.34
417,Mehamn,NO,2021-11-23 22:09:16,71.0357,27.8492,23.18,68,0,5.75
418,Skjervoy,NO,2021-11-23 22:09:16,70.0311,20.9714,32.23,87,94,18.75
419,Cheremukhovo,RU,2021-11-23 22:09:17,60.3484,59.9851,4.89,90,97,4.88
420,Chaozhou,CN,2021-11-23 22:05:05,23.6651,116.6379,53.11,61,0,4.45
421,Mangan,IN,2021-11-23 22:09:17,27.5167,88.5333,56.07,66,66,5.59
422,Hami,CN,2021-11-23 22:04:54,42.8,93.45,25.54,64,61,1.81
423,Okhotsk,RU,2021-11-23 22:07:32,59.3833,143.3,6.22,78,100,14.85
424,Whitehorse,CA,2021-11-23 22:09:18,60.7161,-135.0538,8.31,78,99,8.01
425,Lasa,IT,2021-11-23 22:09:18,46.6166,10.7002,34.54,65,3,0.69
426,Vaijapur,IN,2021-11-23 22:09:19,19.9167,74.7333,78.28,64,100,11.77
427,Aksay,RU,2021-11-23 22:09:19,47.26,39.87,39.25,94,100,8.01
428,Saint-Francois,FR,2021-11-23 22:09:19,46.4154,3.9054,31.68,89,2,2.3
429,Mangrol,IN,2021-11-23 22:09:10,21.1167,70.1167,77.86,51,96,8.37
430,Shimoda,JP,2021-11-23 22:09:20,34.6667,138.95,48.11,64,3,29.26
431,Zhezkazgan,KZ,2021-11-23 22:09:20,47.8043,67.7144,36.19,99,100,8.25
432,Fortuna,US,2021-11-23 22:04:58,40.5982,-124.1573,58.48,69,1,5.99
433,Burgeo,CA,2021-11-23 22:09:21,47.6167,-57.6152,45.64,92,100,40.02
434,Amethi,IN,2021-11-23 22:09:21,26.15,81.8167,60.44,35,0,1.23
435,Reconquista,AR,2021-11-23 22:09:22,-29.15,-59.65,84.06,39,28,6.15
436,Channarayapatna,IN,2021-11-23 22:09:22,12.9044,76.3917,66.9,95,26,5.19
437,Qitaihe,CN,2021-11-23 22:09:22,45.8,130.85,13.84,80,99,22.77
438,Oga,IT,2021-11-23 22:09:23,46.4631,10.347,34.68,88,34,2.17
439,Sur,OM,2021-11-23 22:09:23,22.5667,59.5289,75.87,34,31,6.26
440,Hokitika,NZ,2021-11-23 22:09:23,-42.7167,170.9667,59.94,75,53,5.26
441,Chkalovskoye,RU,2021-11-23 22:09:24,44.8392,133.0436,18.19,75,100,15.7
442,Laguna,US,2021-11-23 22:09:24,38.421,-121.4238,66.29,71,1,5.01
443,Bartica,GY,2021-11-23 22:09:25,6.4,-58.6167,80.92,97,89,3.8
444,San Quintin,MX,2021-11-23 22:06:19,30.4833,-115.95,69.15,57,3,10.94
445,Tambovka,RU,2021-11-23 22:09:25,50.0969,128.0489,17.71,89,100,23.82
446,Fort Nelson,CA,2021-11-23 22:09:26,58.8053,-122.7002,0.99,78,75,0.0
447,Singaraja,ID,2021-11-23 22:09:26,-8.112,115.0882,77.97,81,98,3.33
448,Talnakh,RU,2021-11-23 22:06:58,69.4865,88.3972,11.84,92,100,11.52
449,Port Elizabeth,ZA,2021-11-23 22:05:01,-33.918,25.5701,57.09,60,72,12.01
450,Salaberry-De-Valleyfield,CA,2021-11-23 22:09:27,45.2501,-74.1325,28.69,48,96,7.63
451,Samarai,PG,2021-11-23 22:09:27,-10.6167,150.6667,84.27,76,25,13.18
452,Blagnac,FR,2021-11-23 22:09:27,43.6328,1.394,52.92,93,75,5.75
453,Mantua,IT,2021-11-23 22:09:28,45.1667,10.7833,47.34,88,37,1.99
454,Ahipara,NZ,2021-11-23 22:09:28,-35.1667,173.1667,65.75,76,97,0.16
455,Alofi,NU,2021-11-23 22:09:29,-19.0595,-169.9187,84.09,58,75,6.91
456,Blumberg,DE,2021-11-23 22:09:29,47.8406,8.5333,36.1,90,6,6.11
457,Annau,TM,2021-11-23 22:10:30,37.8876,58.516,54.86,48,11,3.49
458,Najran,SA,2021-11-23 22:10:30,17.4924,44.1277,60.01,33,6,1.45
459,Amahai,ID,2021-11-23 22:10:30,-3.3333,128.9167,79.83,83,87,2.8
460,Mildura,AU,2021-11-23 22:10:31,-34.2,142.15,72.07,84,91,7.56
461,Half Moon Bay,US,2021-11-23 22:06:41,37.4636,-122.4286,67.69,69,1,4.0
462,Kovur,IN,2021-11-23 22:10:31,14.4833,79.9833,77.13,86,51,0.69
463,Chumikan,RU,2021-11-23 22:10:32,54.7183,135.315,23.61,75,100,25.39
464,Ayagoz,KZ,2021-11-23 22:10:32,47.9714,80.4392,30.42,90,100,13.33
465,Pradopolis,BR,2021-11-23 22:10:32,-21.3594,-48.0656,87.98,39,35,1.88
466,Sandnessjoen,NO,2021-11-23 22:10:33,66.0217,12.6316,40.98,90,100,3.0
467,Saint Anthony,US,2021-11-23 22:10:33,45.0205,-93.218,53.92,35,1,12.66
468,Brae,GB,2021-11-23 22:10:33,60.3964,-1.353,49.91,84,100,27.2
469,Ontario,US,2021-11-23 22:10:34,34.0633,-117.6509,78.03,25,20,4.0
470,Tuatapere,NZ,2021-11-23 22:09:10,-46.1333,167.6833,60.12,51,98,3.06
471,Kampong Thum,KH,2021-11-23 22:10:34,12.7111,104.8887,71.08,89,95,5.95
472,Bambanglipuro,ID,2021-11-23 22:10:35,-7.95,110.2833,75.31,93,100,5.93
473,Miraflores,MX,2021-11-23 22:10:35,19.2167,-98.8083,70.03,77,92,2.53
474,Pilar,BR,2021-11-23 22:10:36,-9.5972,-35.9567,78.73,81,74,11.72
475,Nizhniy Chir,RU,2021-11-23 22:10:36,48.3597,43.0865,28.83,96,100,8.01
476,Raton,US,2021-11-23 22:10:36,36.9034,-104.4391,64.06,15,1,14.97
477,Kholodnyy,RU,2021-11-23 22:10:37,62.7167,147.95,-31.25,100,93,0.22
478,Kennewick,US,2021-11-23 22:10:37,46.2113,-119.1372,53.92,65,40,5.99
479,Sao Joao Da Barra,BR,2021-11-23 22:10:38,-21.6403,-41.0511,72.57,85,5,9.93
480,Santarem,BR,2021-11-23 22:10:38,-2.4431,-54.7083,84.33,79,0,5.75
481,Norheimsund,NO,2021-11-23 22:10:38,60.3709,6.1456,48.15,99,100,8.05
482,Cayenne,GF,2021-11-23 22:10:17,4.9333,-52.3333,83.08,82,75,3.0
483,Khasan,RU,2021-11-23 22:06:50,42.4308,130.6434,24.76,48,58,23.78
484,Verkhnevilyuysk,RU,2021-11-23 22:10:39,63.4453,120.3167,-26.54,99,6,3.15
485,Lata,PT,2021-11-23 22:10:39,40.1629,-8.3327,48.81,91,95,2.55
486,La Tuque,CA,2021-11-23 22:10:40,47.4334,-72.7824,24.22,82,100,8.19
487,Igrim,RU,2021-11-23 22:10:40,63.1906,64.4162,3.97,90,100,7.18
488,Khash,IR,2021-11-23 22:10:41,28.2211,61.2158,55.06,28,2,1.3
489,Babayurt,RU,2021-11-23 22:10:41,43.6002,46.7789,45.05,85,81,2.46
490,Pundaguitan,PH,2021-11-23 22:10:41,6.3711,126.1689,81.34,79,95,8.39
491,Novo Aripuana,BR,2021-11-23 22:10:42,-5.1206,-60.3797,79.03,77,94,3.18
492,Virginia Beach,US,2021-11-23 22:10:01,36.8529,-75.978,44.02,46,5,3.0
493,Cervo,ES,2021-11-23 22:10:42,43.6702,-7.4101,51.96,78,97,17.45
494,Leeton,AU,2021-11-23 22:10:43,-34.5667,146.4,65.44,90,100,8.79
495,Yulara,AU,2021-11-23 22:10:43,-25.2406,130.9889,64.76,62,0,19.71
496,Arman,RU,2021-11-23 22:10:44,59.7,150.1667,7.11,82,9,12.68
497,Inongo,CD,2021-11-23 22:10:44,-1.95,18.2667,70.68,95,65,2.33
498,Alta Floresta,BR,2021-11-23 22:10:44,-9.8756,-56.0861,75.4,94,86,3.49
499,San Borja,BO,2021-11-23 22:10:45,-14.8167,-66.85,87.76,58,82,5.86
500,Nortelandia,BR,2021-11-23 22:10:45,-14.4547,-56.8028,77.79,88,100,2.57
501,Puerto Boyaca,CO,2021-11-23 22:10:45,5.9758,-74.5885,79.65,86,58,0.94
502,Guerrero Negro,MX,2021-11-23 22:06:05,27.9769,-114.0611,74.16,45,93,9.37
503,Monze,ZM,2021-11-23 22:11:46,-16.2833,27.4833,72.28,69,81,3.69
504,Newport,GB,2021-11-23 22:09:08,51.5877,-2.9984,47.86,87,100,4.88
505,Dezhou,CN,2021-11-23 22:11:46,37.4486,116.2925,34.59,53,0,7.36
506,Bandarban,BD,2021-11-23 22:11:47,22.1965,92.2262,63.91,79,1,2.82
507,Cooma,AU,2021-11-23 22:11:47,-36.2333,149.1333,58.77,100,90,6.91
508,Naryan-Mar,RU,2021-11-23 22:11:48,67.6713,53.087,17.51,94,100,11.12
509,Taltal,CL,2021-11-23 22:11:48,-25.4,-70.4833,63.86,73,41,5.7
510,Mercedes,AR,2021-11-23 22:11:48,-34.6515,-59.4307,82.18,11,0,14.32
511,Shelburne,CA,2021-11-23 22:11:49,44.0787,-80.2041,32.18,81,32,4.88
512,Meadow Lake,US,2021-11-23 22:11:49,34.8014,-106.5436,63.37,28,89,4.41
513,Borovoy,RU,2021-11-23 22:11:49,55.4333,86.0833,27.68,86,75,15.66
514,Gornopravdinsk,RU,2021-11-23 22:11:50,60.05,69.9,12.2,93,100,9.01
515,Wenzhou,CN,2021-11-23 22:11:50,27.9994,120.6668,45.05,61,0,2.77
516,Dubbo,AU,2021-11-23 22:11:51,-32.25,148.6167,66.33,88,75,12.66
517,Gdov,RU,2021-11-23 22:11:51,58.7406,27.8122,33.26,84,100,10.92
518,Makakilo City,US,2021-11-23 22:11:51,21.3469,-158.0858,86.32,52,20,12.66
519,Bathsheba,BB,2021-11-23 22:11:52,13.2167,-59.5167,81.21,78,40,10.36
520,Yar-Sale,RU,2021-11-23 22:09:49,66.8333,70.8333,8.53,96,97,8.5
521,Lufilufi,WS,2021-11-23 22:11:52,-13.8745,-171.5986,86.79,75,21,6.04
522,Les Cayes,HT,2021-11-23 22:11:53,18.2,-73.75,80.69,71,68,2.42
523,Surt,LY,2021-11-23 22:09:27,31.2089,16.5887,69.62,70,98,8.32
524,Donskoye,RU,2021-11-23 22:11:53,45.4552,41.9741,44.73,94,100,11.16
525,Indramayu,ID,2021-11-23 22:11:54,-6.3264,108.32,80.49,78,100,5.12
526,Ouro Preto Do Oeste,BR,2021-11-23 22:11:54,-10.7481,-62.2158,76.71,94,100,4.03
527,Berlevag,NO,2021-11-23 22:11:55,70.8578,29.0864,22.95,63,0,8.05
528,Jibuti,DJ,2021-11-23 22:11:55,11.5,42.5,74.62,64,77,5.55
529,Qasigiannguit,GL,2021-11-23 22:11:48,68.8193,-51.1922,19.65,68,100,8.25
530,Fort-Shevchenko,KZ,2021-11-23 22:11:55,44.5086,50.263,49.91,87,100,12.93
531,Inverell,AU,2021-11-23 22:11:56,-29.7833,151.1167,69.15,62,100,5.01
532,Teya,RU,2021-11-23 22:11:56,60.3778,92.6267,21.36,96,100,4.05
533,Yueyang,CN,2021-11-23 22:11:57,29.3333,113.0919,43.3,44,7,5.01
534,Gambo,CF,2021-11-23 22:11:57,4.6482,22.2633,68.58,59,77,2.17
535,Vagamo,NO,2021-11-23 22:11:57,61.8751,9.0967,28.51,94,57,4.92
536,Pemangkat,ID,2021-11-23 22:11:58,1.1667,108.9667,75.69,85,68,4.61
537,Iskateley,RU,2021-11-23 22:11:58,67.6803,53.1512,17.35,93,100,11.45
538,Lapeer,US,2021-11-23 22:10:43,43.0514,-83.3188,35.38,55,1,4.61
539,Rapid Valley,US,2021-11-23 22:11:59,44.0625,-103.1463,63.07,23,1,1.99
540,Tibati,CM,2021-11-23 22:11:59,6.4667,12.6333,74.88,39,44,1.45
541,Miri,MY,2021-11-23 22:11:42,4.4148,114.0089,78.66,87,100,4.12
542,Gelemso,ET,2021-11-23 22:11:59,8.8167,40.5167,59.2,56,36,3.69
543,La Rioja,ES,2021-11-23 22:12:00,42.25,-2.5,35.49,99,100,0.89
544,Buraydah,SA,2021-11-23 22:12:00,26.326,43.975,59.38,49,3,9.37
545,Turukhansk,RU,2021-11-23 22:12:00,65.8167,87.9833,18.9,90,100,14.76
546,Nautla,MX,2021-11-23 22:12:01,20.2167,-96.7833,74.93,72,33,6.58
547,San Carlos De Bariloche,AR,2021-11-23 22:12:01,-41.1456,-71.3082,74.44,35,20,17.27
548,Omboue,GA,2021-11-23 22:10:43,-1.5746,9.2618,74.75,87,100,1.54
549,Coos Bay,US,2021-11-23 22:12:02,43.3665,-124.2179,55.92,86,40,11.5
550,Bojnurd,IR,2021-11-23 22:13:02,37.4747,57.329,48.09,61,6,3.09
551,Corning,US,2021-11-23 22:11:15,42.1428,-77.0547,33.84,75,90,0.0
